NAME,Domain
ACAWT-HVS-001,
ACAWT-HVS-002,
ACE-HVS-001,
ACE-HVS-002,
ACP-HVS-001,
ACP-HVS-002,
ACTC-HVS-001,
ARCC-HVS-002,
ARCC-HVS-003,
ARCC-HVS-004,
ARCC-HVS-006,
ARCC-HVS-007,
ARCC-HVS-008,
BLUS-HVS-001,
BLUS-HVS-002,
BLUS-HVS-003,
BRIO-HVS-001,
BRIO-HVS-002,
ENHC-HVS-001,
GDA-HVS-001,
GDA-HVS-002,
HSFG-HVS-002,
MW-HVS-001,
NAIL-HVS-001,
ODC-HVS-001,
ODC-HVS-002,
ODC-HVS-005,
PAL-HVS-001,
PAL-HVS-002,
PTA-HVS-000,
PTA-HVS-001,
REPLICA-SV01,
RI-HVS-001,
RI-HVS-002,
RI-HVS-003,
RI-HVS-004,
RI-HVS-005,
RI-HVS-006,
RI-HVS-008,
RI-HVS-009,
RI-HVS-010,
RI-HVS-011,
RI-HVS-012,
RI-HVS-013,
RI-HVS-014,
RI-HVS-901,
RI-HVS-902,
RI-PATEST-001,
RMC-HVS-001,
RMC-HVS-002,
SHEP-HVS-001,
SHEP-HVS-002,
SHEP-HVS-003,
SHEP-HVS-005,
SHEP-HVS-006,
SHEP-HVS-007,
SHEP-HVS-008,
SHEP-HVS-009,
TOO-HVS-002,
WPC-HVS-001,
